{
  "timestamp": "2025-08-04T11:08:12.541Z",
  "iterations": 100,
  "matches": 100,
  "consistency": 100,
  "differences": 0,
  "frontendTotal": 58.79999999999999,
  "backendTotal": 58.79999999999999,
  "totalDifference": 0,
  "details": []
}
