{
  "rtp": 97.32783118879533,
  "iterations": 1000000,
  "executionTime": 6619,
  "spinsPerSecond": 151080.22359873093,
  "winFrequency": 37.7141,
  "performanceRating": "Excellent",
  "totalWagered": 1000000,
  "totalWon": 973278.3118879533,
  "maxWin": 461.37,
  "minWin": 0.8
}